Date_Hour,Date,Hour,Active drivers,Online (h),Has booking (h),Waiting for booking (h),Hours per active driver,Rides per online hour,Finished Rides,People saw 0 cars (unique),People saw +1 cars (unique),Coverage Ratio (%),Total People
2016-12-18 23,12/18/2016,23,52,18,6,11,0.3,0.67,12,9,32,78,41
2016-12-18 22,12/18/2016,22,59,20,11,9,0.3,1.4,28,29,64,69,93
2016-12-18 21,12/18/2016,21,72,25,7,18,0.3,0.64,16,5,39,89,44
2016-12-18 20,12/18/2016,20,86,29,7,23,0.3,0.52,15,13,48,79,61
2016-12-18 19,12/18/2016,19,82,31,14,17,0.4,1.16,36,12,77,87,89
2016-12-18 18,12/18/2016,18,81,32,14,18,0.4,1,32,13,62,83,75
2016-12-18 17,12/18/2016,17,72,30,13,17,0.4,0.87,26,9,61,87,70
2016-12-18 16,12/18/2016,16,68,23,9,13,0.3,1.04,24,20,60,75,80
2016-12-18 15,12/18/2016,15,65,24,5,19,0.4,0.5,12,7,37,84,44
2016-12-18 14,12/18/2016,14,50,17,7,10,0.3,0.82,14,16,43,73,59
2016-12-18 13,12/18/2016,13,44,15,7,7,0.3,1.47,22,19,46,71,65
2016-12-18 12,12/18/2016,12,40,15,3,11,0.4,0.67,10,9,35,80,44
2016-12-18 11,12/18/2016,11,38,10,2,8,0.3,0.5,5,9,20,69,29
2016-12-18 10,12/18/2016,10,29,9,1,8,0.3,0.22,2,7,15,68,22
2016-12-18 09,12/18/2016,9,22,7,1,6,0.3,0.14,1,7,5,42,12
2016-12-18 08,12/18/2016,8,24,7,1,6,0.3,0.29,2,0,10,100,10
2016-12-18 07,12/18/2016,7,28,9,1,8,0.3,0,,1,4,80,5
2016-12-18 06,12/18/2016,6,38,12,3,9,0.3,0.42,5,3,15,83,18
2016-12-18 05,12/18/2016,5,46,16,7,9,0.3,0.69,11,12,33,73,45
2016-12-18 04,12/18/2016,4,46,16,12,4,0.3,1.88,30,47,55,54,102
2016-12-18 03,12/18/2016,3,54,23,10,12,0.4,1.17,27,15,72,83,87
2016-12-18 02,12/18/2016,2,68,25,7,18,0.4,1,25,1,64,98,65
2016-12-18 01,12/18/2016,1,79,25,13,12,0.3,1.16,29,21,69,77,90
2016-12-18 00,12/18/2016,0,89,35,11,24,0.4,1.03,36,7,81,92,88
2016-12-17 23,12/17/2016,23,100,38,12,27,0.4,0.82,31,10,79,89,89
2016-12-17 22,12/17/2016,22,114,44,14,31,0.4,0.73,32,5,83,94,88
2016-12-17 21,12/17/2016,21,103,39,18,21,0.4,1.21,47,25,96,79,121
2016-12-17 20,12/17/2016,20,88,32,19,13,0.4,1.5,48,48,84,64,132
2016-12-17 19,12/17/2016,19,84,28,16,13,0.3,1.36,38,34,89,72,123
2016-12-17 18,12/17/2016,18,82,30,7,23,0.4,0.67,20,17,54,76,71
2016-12-17 17,12/17/2016,17,69,23,10,14,0.3,0.91,21,24,63,72,87
2016-12-17 16,12/17/2016,16,70,22,7,14,0.3,0.91,20,7,44,86,51
2016-12-17 15,12/17/2016,15,62,21,6,15,0.3,0.67,14,14,39,74,53
2016-12-17 14,12/17/2016,14,49,14,7,7,0.3,1.21,17,23,51,69,74
2016-12-17 13,12/17/2016,13,40,13,4,9,0.3,0.69,9,16,32,67,48
2016-12-17 12,12/17/2016,12,41,15,3,12,0.4,0.4,6,16,42,72,58
2016-12-17 11,12/17/2016,11,34,12,5,7,0.4,1.08,13,30,25,45,55
2016-12-17 10,12/17/2016,10,28,6,2,3,0.2,1,6,36,18,33,54
2016-12-17 09,12/17/2016,9,23,7,4,2,0.3,1.14,8,37,25,40,62
2016-12-17 08,12/17/2016,8,23,6,1,4,0.3,0.67,4,17,15,47,32
2016-12-17 07,12/17/2016,7,20,7,2,6,0.3,0.71,5,8,11,58,19
2016-12-17 06,12/17/2016,6,36,7,3,4,0.2,0.43,3,10,9,47,19
2016-12-17 05,12/17/2016,5,51,11,6,5,0.2,0.91,10,12,25,68,37
2016-12-17 04,12/17/2016,4,46,14,11,3,0.3,1.86,26,106,54,34,160
2016-12-17 03,12/17/2016,3,64,21,16,5,0.3,1.76,37,105,87,45,192
2016-12-17 02,12/17/2016,2,74,27,19,8,0.4,1.52,41,67,102,60,169
2016-12-17 01,12/17/2016,1,83,29,20,9,0.3,2.03,59,69,96,58,165
2016-12-17 00,12/17/2016,0,95,34,22,12,0.4,1.38,47,51,115,69,166
2016-12-16 23,12/16/2016,23,119,43,17,26,0.4,1.14,49,5,107,96,112
2016-12-16 22,12/16/2016,22,129,47,17,30,0.4,0.98,46,21,107,84,128
2016-12-16 21,12/16/2016,21,126,50,22,28,0.4,0.8,40,39,153,80,192
2016-12-16 20,12/16/2016,20,108,38,25,13,0.4,1.63,62,87,172,66,259
2016-12-16 19,12/16/2016,19,93,33,24,8,0.4,1.09,36,129,141,52,270
2016-12-16 18,12/16/2016,18,92,41,29,11,0.4,1.15,47,62,169,73,231
2016-12-16 17,12/16/2016,17,91,36,17,18,0.4,0.89,32,29,127,81,156
2016-12-16 16,12/16/2016,16,61,18,12,7,0.3,1,18,85,54,39,139
2016-12-16 15,12/16/2016,15,53,14,9,5,0.3,0.93,13,80,36,31,116
2016-12-16 14,12/16/2016,14,56,12,6,7,0.2,1,12,54,47,47,101
2016-12-16 13,12/16/2016,13,43,14,8,5,0.3,0.71,10,66,25,27,91
2016-12-16 12,12/16/2016,12,44,16,8,8,0.4,0.94,15,37,44,54,81
2016-12-16 11,12/16/2016,11,56,20,8,12,0.4,0.5,10,32,53,62,85
2016-12-16 10,12/16/2016,10,53,22,11,11,0.4,0.91,20,44,60,58,104
2016-12-16 09,12/16/2016,9,47,22,17,5,0.5,1.59,35,90,73,45,163
2016-12-16 08,12/16/2016,8,40,12,8,5,0.3,1.58,19,54,50,48,104
2016-12-16 07,12/16/2016,7,28,7,2,5,0.3,0.86,6,22,13,37,35
2016-12-16 06,12/16/2016,6,17,4,0,3,0.2,0,,2,3,60,5
2016-12-16 05,12/16/2016,5,20,5,1,4,0.3,0.2,1,2,4,67,6
2016-12-16 04,12/16/2016,4,24,4,2,3,0.2,1.25,5,18,13,42,31
2016-12-16 03,12/16/2016,3,23,6,3,2,0.3,1,6,59,18,23,77
2016-12-16 02,12/16/2016,2,34,12,8,4,0.4,1.25,15,59,26,31,85
2016-12-16 01,12/16/2016,1,43,13,8,5,0.3,1.69,22,34,40,54,74
2016-12-16 00,12/16/2016,0,57,22,11,11,0.4,1.18,26,26,60,70,86
2016-12-15 23,12/15/2016,23,67,33,21,12,0.5,1.55,51,34,89,72,123
2016-12-15 22,12/15/2016,22,90,36,16,20,0.4,1.19,43,2,91,98,93
2016-12-15 21,12/15/2016,21,95,35,17,18,0.4,1.29,45,16,97,86,113
2016-12-15 20,12/15/2016,20,78,33,24,9,0.4,1.52,50,66,105,61,171
2016-12-15 19,12/15/2016,19,70,30,26,4,0.4,1.47,44,105,81,44,186
2016-12-15 18,12/15/2016,18,59,25,21,4,0.4,1.72,43,124,72,37,196
2016-12-15 17,12/15/2016,17,63,18,12,7,0.3,1.33,24,51,66,56,117
2016-12-15 16,12/15/2016,16,64,18,7,11,0.3,0.89,16,20,46,70,66
2016-12-15 15,12/15/2016,15,61,12,3,9,0.2,0.5,6,18,25,58,43
2016-12-15 14,12/15/2016,14,58,14,5,9,0.2,0.64,9,28,32,53,60
2016-12-15 13,12/15/2016,13,50,9,3,5,0.2,0.67,6,31,32,51,63
2016-12-15 12,12/15/2016,12,56,18,8,10,0.3,0.44,8,18,32,64,50
2016-12-15 11,12/15/2016,11,63,22,8,14,0.3,0.91,20,20,46,70,66
2016-12-15 10,12/15/2016,10,69,26,13,13,0.4,0.85,22,27,47,64,74
2016-12-15 09,12/15/2016,9,54,25,18,7,0.5,1.48,37,43,57,57,100
2016-12-15 08,12/15/2016,8,45,15,8,7,0.3,1.47,22,57,37,39,94
2016-12-15 07,12/15/2016,7,35,9,3,7,0.3,0.78,7,17,14,45,31
2016-12-15 06,12/15/2016,6,23,9,0,9,0.4,0.11,1,2,2,50,4
2016-12-15 05,12/15/2016,5,14,7,1,7,0.5,0.43,3,0,3,100,3
2016-12-15 04,12/15/2016,4,21,6,1,5,0.3,0,,5,3,38,8
2016-12-15 03,12/15/2016,3,22,7,2,5,0.3,0.71,5,13,9,41,22
2016-12-15 02,12/15/2016,2,27,9,4,5,0.3,0.89,8,16,20,56,36
2016-12-15 01,12/15/2016,1,43,16,7,9,0.4,0.81,13,7,30,81,37
2016-12-15 00,12/15/2016,0,52,21,12,9,0.4,1.48,31,29,62,68,91
2016-12-14 23,12/14/2016,23,71,28,12,15,0.4,1.25,35,13,71,85,84
2016-12-14 22,12/14/2016,22,80,28,12,16,0.3,1.11,31,14,71,84,85
2016-12-14 21,12/14/2016,21,85,29,12,18,0.3,1.28,37,12,68,85,80
2016-12-14 20,12/14/2016,20,89,37,21,16,0.4,0.92,34,22,83,79,105
2016-12-14 19,12/14/2016,19,80,30,22,9,0.4,1.43,43,75,79,51,154
2016-12-14 18,12/14/2016,18,69,27,21,6,0.4,1.11,30,96,66,41,162
2016-12-14 17,12/14/2016,17,76,22,12,10,0.3,1.09,24,43,66,61,109
2016-12-14 16,12/14/2016,16,67,20,7,13,0.3,0.75,15,14,48,77,62
2016-12-14 15,12/14/2016,15,62,19,5,14,0.3,0.58,11,11,42,79,53
2016-12-14 14,12/14/2016,14,62,13,3,10,0.2,0.54,7,10,21,68,31
2016-12-14 13,12/14/2016,13,71,19,6,13,0.3,0.37,7,2,36,95,38
2016-12-14 12,12/14/2016,12,69,19,5,15,0.3,0.68,13,9,28,76,37
2016-12-14 11,12/14/2016,11,71,28,5,23,0.4,0.39,11,2,27,93,29
2016-12-14 10,12/14/2016,10,80,33,12,21,0.4,0.48,16,19,52,73,71
2016-12-14 09,12/14/2016,9,57,22,17,6,0.4,1.5,33,61,64,51,125
2016-12-14 08,12/14/2016,8,49,18,10,8,0.4,1,18,51,44,46,95
2016-12-14 07,12/14/2016,7,42,14,3,11,0.3,0.57,8,17,22,56,39
2016-12-14 06,12/14/2016,6,24,6,0,6,0.3,0.33,2,1,3,75,4
2016-12-14 05,12/14/2016,5,17,6,0,6,0.4,0,,2,3,60,5
2016-12-14 04,12/14/2016,4,14,5,1,4,0.4,0,,3,3,50,6
2016-12-14 03,12/14/2016,3,12,2,0,2,0.2,0.5,1,12,3,20,15
2016-12-14 02,12/14/2016,2,24,4,2,2,0.2,1,4,10,11,52,21
2016-12-14 01,12/14/2016,1,35,11,3,9,0.3,0.73,8,13,16,55,29
2016-12-14 00,12/14/2016,0,45,18,6,12,0.4,0.56,10,7,28,80,35
2016-12-13 23,12/13/2016,23,60,20,6,14,0.3,0.95,19,11,52,83,63
2016-12-13 22,12/13/2016,22,83,32,12,20,0.4,0.75,24,13,63,83,76
2016-12-13 21,12/13/2016,21,99,33,14,18,0.3,1.3,43,9,83,90,92
2016-12-13 20,12/13/2016,20,106,40,14,26,0.4,0.7,28,3,62,95,65
2016-12-13 19,12/13/2016,19,98,36,21,16,0.4,1.17,42,30,83,73,113
2016-12-13 18,12/13/2016,18,75,25,18,7,0.3,1.2,30,58,76,57,134
2016-12-13 17,12/13/2016,17,72,22,11,11,0.3,1.18,26,30,52,63,82
2016-12-13 16,12/13/2016,16,56,15,4,12,0.3,0.53,8,15,29,66,44
2016-12-13 15,12/13/2016,15,53,17,5,12,0.3,0.47,8,10,20,67,30
2016-12-13 14,12/13/2016,14,55,14,4,11,0.3,0.57,8,9,26,74,35
2016-12-13 13,12/13/2016,13,56,15,3,12,0.3,0.6,9,11,25,69,36
2016-12-13 12,12/13/2016,12,58,17,4,13,0.3,0.47,8,15,31,67,46
2016-12-13 11,12/13/2016,11,64,25,8,17,0.4,0.6,15,9,33,79,42
2016-12-13 10,12/13/2016,10,80,26,8,18,0.3,0.5,13,14,33,70,47
2016-12-13 09,12/13/2016,9,54,19,13,6,0.4,1.37,26,61,50,45,111
2016-12-13 08,12/13/2016,8,40,13,11,2,0.3,1.31,17,80,32,29,112
2016-12-13 07,12/13/2016,7,39,8,4,4,0.2,1.13,9,24,14,37,38
2016-12-13 06,12/13/2016,6,26,6,1,5,0.2,0.5,3,8,7,47,15
2016-12-13 05,12/13/2016,5,13,4,0,4,0.3,0,,1,3,75,4
2016-12-13 04,12/13/2016,4,16,5,0,5,0.3,0,,0,1,100,1
2016-12-13 03,12/13/2016,3,14,5,0,4,0.4,0,,1,2,67,3
2016-12-13 02,12/13/2016,2,18,7,1,7,0.4,0.57,4,1,7,88,8
2016-12-13 01,12/13/2016,1,29,10,1,9,0.3,0.1,1,7,10,59,17
2016-12-13 00,12/13/2016,0,35,16,5,11,0.5,0.75,12,17,25,60,42
2016-12-12 23,12/12/2016,23,50,16,3,13,0.3,0.81,13,6,29,83,35
2016-12-12 22,12/12/2016,22,59,24,9,16,0.4,0.79,19,12,41,77,53
2016-12-12 21,12/12/2016,21,73,24,5,19,0.3,0.67,16,17,33,66,50
2016-12-12 20,12/12/2016,20,76,33,6,27,0.4,0.39,13,1,45,98,46
2016-12-12 19,12/12/2016,19,90,32,13,19,0.4,0.81,26,12,52,81,64
2016-12-12 18,12/12/2016,18,78,30,15,15,0.4,0.63,19,9,52,85,61
2016-12-12 17,12/12/2016,17,83,34,7,27,0.4,0.59,20,9,46,84,55
2016-12-12 16,12/12/2016,16,80,22,6,17,0.3,0.64,14,8,30,79,38
2016-12-12 15,12/12/2016,15,67,21,2,19,0.3,0.29,6,5,17,77,22
2016-12-12 14,12/12/2016,14,62,21,4,17,0.3,0.43,9,4,24,86,28
2016-12-12 13,12/12/2016,13,63,18,4,14,0.3,0.44,8,8,26,76,34
2016-12-12 12,12/12/2016,12,62,19,5,14,0.3,0.47,9,4,27,87,31
2016-12-12 11,12/12/2016,11,65,26,4,22,0.4,0.42,11,4,30,88,34
2016-12-12 10,12/12/2016,10,58,22,8,14,0.4,0.32,7,23,36,61,59
2016-12-12 09,12/12/2016,9,56,19,13,6,0.3,1.42,27,41,45,52,86
2016-12-12 08,12/12/2016,8,45,14,8,7,0.3,1.29,18,42,29,41,71
2016-12-12 07,12/12/2016,7,32,8,2,5,0.3,0.75,6,21,13,38,34
2016-12-12 06,12/12/2016,6,17,4,1,4,0.2,0.25,1,10,2,17,12
2016-12-12 05,12/12/2016,5,14,2,0,2,0.1,0,,2,0,0,2
2016-12-12 04,12/12/2016,4,9,2,0,2,0.2,0,,6,0,0,6
2016-12-12 03,12/12/2016,3,12,3,0,3,0.3,0,,5,2,29,7
2016-12-12 02,12/12/2016,2,20,6,0,6,0.3,0.17,1,5,5,50,10
2016-12-12 01,12/12/2016,1,29,11,3,8,0.4,0.64,7,9,19,68,28
2016-12-12 00,12/12/2016,0,40,13,6,7,0.3,1.23,16,17,43,72,60
2016-12-11 23,12/11/2016,23,53,16,7,9,0.3,1.31,21,37,39,51,76
2016-12-11 22,12/11/2016,22,64,21,8,13,0.3,0.81,17,10,48,83,58
2016-12-11 21,12/11/2016,21,60,15,7,8,0.3,1.27,19,12,41,77,53
2016-12-11 20,12/11/2016,20,66,22,9,13,0.3,0.95,21,9,54,86,63
2016-12-11 19,12/11/2016,19,66,24,12,12,0.4,0.83,20,23,53,70,76
2016-12-11 18,12/11/2016,18,61,25,12,13,0.4,1.12,28,24,67,74,91
2016-12-11 17,12/11/2016,17,64,21,9,12,0.3,1,21,25,47,65,72
2016-12-11 16,12/11/2016,16,55,17,5,12,0.3,0.82,14,14,34,71,48
2016-12-11 15,12/11/2016,15,51,19,6,13,0.4,0.47,9,10,35,78,45
2016-12-11 14,12/11/2016,14,51,18,7,11,0.4,1.11,20,26,41,61,67
2016-12-11 13,12/11/2016,13,45,13,4,9,0.3,0.69,9,20,32,62,52
2016-12-11 12,12/11/2016,12,36,11,4,7,0.3,1,11,32,30,48,62
2016-12-11 11,12/11/2016,11,32,9,1,8,0.3,0.67,6,23,19,45,42
2016-12-11 10,12/11/2016,10,31,7,1,6,0.2,0.29,2,10,14,58,24
2016-12-11 09,12/11/2016,9,29,8,1,7,0.3,0.25,2,9,14,61,23
2016-12-11 08,12/11/2016,8,27,7,1,6,0.3,0.57,4,10,8,44,18
2016-12-11 07,12/11/2016,7,25,11,1,10,0.4,0,,3,5,63,8
2016-12-11 06,12/11/2016,6,28,8,2,6,0.3,0.75,6,4,5,56,9
2016-12-11 05,12/11/2016,5,28,6,2,4,0.2,1,6,20,14,41,34
2016-12-11 04,12/11/2016,4,34,10,5,5,0.3,0.8,8,27,17,39,44
2016-12-11 03,12/11/2016,3,53,19,9,10,0.4,1.26,24,18,48,73,66
2016-12-11 02,12/11/2016,2,63,22,11,11,0.3,1.27,28,15,49,77,64
2016-12-11 01,12/11/2016,1,65,29,14,14,0.4,1.41,41,4,76,95,80
2016-12-11 00,12/11/2016,0,75,30,14,16,0.4,1.33,40,10,73,88,83
2016-12-10 23,12/10/2016,23,86,34,11,23,0.4,0.88,30,10,67,87,77
2016-12-10 22,12/10/2016,22,104,38,9,29,0.4,0.71,27,6,59,91,65
2016-12-10 21,12/10/2016,21,97,38,10,28,0.4,0.61,23,0,69,100,69
2016-12-10 20,12/10/2016,20,96,37,15,23,0.4,0.95,35,15,83,85,98
2016-12-10 19,12/10/2016,19,90,36,13,23,0.4,0.78,28,18,63,78,81
2016-12-10 18,12/10/2016,18,75,29,6,23,0.4,0.62,18,11,47,81,58
2016-12-10 17,12/10/2016,17,62,25,6,19,0.4,0.56,14,3,40,93,43
2016-12-10 16,12/10/2016,16,52,21,8,14,0.4,0.76,16,9,38,81,47
2016-12-10 15,12/10/2016,15,45,16,4,12,0.4,0.63,10,6,29,83,35
2016-12-10 14,12/10/2016,14,47,16,4,12,0.3,0.69,11,12,37,76,49
2016-12-10 13,12/10/2016,13,45,18,4,13,0.4,0.5,9,6,22,79,28
2016-12-10 12,12/10/2016,12,43,14,4,10,0.3,0.64,9,15,31,67,46
2016-12-10 11,12/10/2016,11,40,16,3,13,0.4,0.31,5,7,34,83,41
2016-12-10 10,12/10/2016,10,46,19,3,16,0.4,0.47,9,3,27,90,30
2016-12-10 09,12/10/2016,9,42,11,3,8,0.3,0.64,7,9,17,65,26
2016-12-10 08,12/10/2016,8,39,12,3,9,0.3,0.5,6,12,13,52,25
2016-12-10 07,12/10/2016,7,35,12,0,11,0.3,0.08,1,3,9,75,12
2016-12-10 06,12/10/2016,6,30,10,2,8,0.3,0.4,4,6,12,67,18
2016-12-10 05,12/10/2016,5,36,11,5,6,0.3,1,11,18,24,57,42
2016-12-10 04,12/10/2016,4,37,11,7,4,0.3,1.82,20,69,37,35,106
2016-12-10 03,12/10/2016,3,42,17,11,6,0.4,1.47,25,63,46,42,109
2016-12-10 02,12/10/2016,2,59,24,15,9,0.4,1.46,35,34,71,68,105
2016-12-10 01,12/10/2016,1,71,31,17,14,0.4,1.55,48,10,87,90,97
2016-12-10 00,12/10/2016,0,81,33,15,18,0.4,1.24,41,10,78,89,88
2016-12-09 23,12/9/2016,23,98,39,9,30,0.4,0.82,32,4,74,95,78
2016-12-09 22,12/9/2016,22,104,45,21,24,0.4,0.78,35,37,80,68,117
2016-12-09 21,12/9/2016,21,96,35,22,13,0.4,1.6,56,64,102,61,166
2016-12-09 20,12/9/2016,20,109,38,24,14,0.3,1.5,57,43,97,69,140
2016-12-09 19,12/9/2016,19,96,37,20,18,0.4,1.05,39,27,106,80,133
2016-12-09 18,12/9/2016,18,81,33,22,11,0.4,1.15,38,51,75,60,126
2016-12-09 17,12/9/2016,17,75,27,10,17,0.4,0.7,19,22,56,72,78
2016-12-09 16,12/9/2016,16,61,19,9,10,0.3,0.53,10,28,35,56,63
2016-12-09 15,12/9/2016,15,58,17,7,10,0.3,1.06,18,19,53,74,72
2016-12-09 14,12/9/2016,14,51,19,8,11,0.4,0.79,15,22,42,66,64
2016-12-09 13,12/9/2016,13,54,15,5,10,0.3,0.73,11,18,33,65,51
2016-12-09 12,12/9/2016,12,65,21,7,14,0.3,0.52,11,5,30,86,35
2016-12-09 11,12/9/2016,11,70,26,5,21,0.4,0.46,12,11,38,78,49
2016-12-09 10,12/9/2016,10,72,29,15,15,0.4,0.72,21,31,50,62,81
2016-12-09 09,12/9/2016,9,59,22,17,5,0.4,1.68,37,62,73,54,135
2016-12-09 08,12/9/2016,8,51,19,13,7,0.4,1.26,24,38,44,54,82
2016-12-09 07,12/9/2016,7,41,11,4,7,0.3,1.27,14,21,17,45,38
2016-12-09 06,12/9/2016,6,32,8,0,8,0.3,0.13,1,6,3,33,9
2016-12-09 05,12/9/2016,5,27,10,0,9,0.4,0.1,1,3,5,63,8
2016-12-09 04,12/9/2016,4,25,7,1,6,0.3,0.14,1,16,4,20,20
2016-12-09 03,12/9/2016,3,28,11,4,7,0.4,1.09,12,12,17,59,29
2016-12-09 02,12/9/2016,2,38,14,5,9,0.4,1.07,15,8,25,76,33
2016-12-09 01,12/9/2016,1,50,18,5,13,0.4,0.61,11,3,25,89,28
2016-12-09 00,12/9/2016,0,65,25,8,18,0.4,0.88,22,14,60,81,74
2016-12-08 23,12/8/2016,23,85,29,8,21,0.3,0.76,22,7,49,88,56
2016-12-08 22,12/8/2016,22,98,35,14,21,0.4,0.86,30,9,62,87,71
2016-12-08 21,12/8/2016,21,108,36,18,18,0.3,1.39,50,25,76,75,101
2016-12-08 20,12/8/2016,20,116,42,21,21,0.4,0.86,36,12,90,88,102
2016-12-08 19,12/8/2016,19,103,40,27,14,0.4,1.32,53,46,107,70,153
2016-12-08 18,12/8/2016,18,104,40,26,14,0.4,1.05,42,83,91,52,174
2016-12-08 17,12/8/2016,17,104,32,17,16,0.3,0.91,29,39,71,65,110
2016-12-08 16,12/8/2016,16,95,27,8,19,0.3,0.7,19,5,46,90,51
2016-12-08 15,12/8/2016,15,76,26,6,20,0.3,0.62,16,5,39,89,44
2016-12-08 14,12/8/2016,14,77,23,4,19,0.3,0.35,8,5,33,87,38
2016-12-08 13,12/8/2016,13,80,26,3,22,0.3,0.38,10,5,30,86,35
2016-12-08 12,12/8/2016,12,75,26,3,22,0.3,0.19,5,5,23,82,28
2016-12-08 11,12/8/2016,11,84,28,6,22,0.3,0.43,12,4,26,87,30
2016-12-08 10,12/8/2016,10,92,37,11,26,0.4,0.54,20,5,47,90,52
2016-12-08 09,12/8/2016,9,77,32,17,15,0.4,1.13,36,17,65,79,82
2016-12-08 08,12/8/2016,8,62,20,12,8,0.3,1.2,24,26,45,63,71
2016-12-08 07,12/8/2016,7,44,12,2,11,0.3,0.58,7,15,18,55,33
2016-12-08 06,12/8/2016,6,27,7,0,7,0.3,0.14,1,5,2,29,7
2016-12-08 05,12/8/2016,5,17,5,0,5,0.3,0,,2,3,60,5
2016-12-08 04,12/8/2016,4,17,5,0,5,0.3,0,,8,2,20,10
2016-12-08 03,12/8/2016,3,18,6,0,6,0.3,0.17,1,7,6,46,13
2016-12-08 02,12/8/2016,2,28,7,1,6,0.3,0.29,2,9,10,53,19
2016-12-08 01,12/8/2016,1,48,17,3,14,0.4,0.24,4,2,14,88,16
2016-12-08 00,12/8/2016,0,59,21,8,13,0.4,0.95,20,9,40,82,49
2016-12-07 23,12/7/2016,23,77,26,10,15,0.3,1.15,30,14,49,78,63
2016-12-07 22,12/7/2016,22,93,28,6,22,0.3,0.71,20,11,49,82,60
2016-12-07 21,12/7/2016,21,104,36,8,28,0.3,0.61,22,5,50,91,55
2016-12-07 20,12/7/2016,20,97,36,13,23,0.4,0.75,27,10,66,87,76
2016-12-07 19,12/7/2016,19,101,35,21,14,0.3,0.89,31,45,77,63,122
2016-12-07 18,12/7/2016,18,88,24,13,11,0.3,1.08,26,52,71,58,123
2016-12-07 17,12/7/2016,17,106,35,12,23,0.3,0.49,17,5,48,91,53
2016-12-07 16,12/7/2016,16,95,31,5,25,0.3,0.35,11,4,26,87,30
2016-12-07 15,12/7/2016,15,84,26,4,22,0.3,0.31,8,4,34,89,38
2016-12-07 14,12/7/2016,14,79,24,3,21,0.3,0.38,9,9,40,82,49
2016-12-07 13,12/7/2016,13,80,26,4,22,0.3,0.31,8,7,32,82,39
2016-12-07 12,12/7/2016,12,76,23,4,19,0.3,0.26,6,3,29,91,32
2016-12-07 11,12/7/2016,11,97,37,6,31,0.4,0.24,9,3,35,92,38
2016-12-07 10,12/7/2016,10,101,36,9,27,0.4,0.47,17,11,44,80,55
2016-12-07 09,12/7/2016,9,84,27,13,14,0.3,1,27,27,64,70,91
2016-12-07 08,12/7/2016,8,67,22,8,14,0.3,0.86,19,28,46,62,74
2016-12-07 07,12/7/2016,7,48,16,4,12,0.3,0.5,8,16,21,57,37
2016-12-07 06,12/7/2016,6,31,9,1,8,0.3,0.33,3,5,11,69,16
2016-12-07 05,12/7/2016,5,24,8,0,8,0.3,0,,,,,0
2016-12-07 04,12/7/2016,4,24,10,0,10,0.4,0,,2,2,50,4
2016-12-07 03,12/7/2016,3,28,10,1,9,0.4,0.1,1,0,2,100,2
2016-12-07 02,12/7/2016,2,28,11,2,9,0.4,0.55,6,5,13,72,18
2016-12-07 01,12/7/2016,1,39,15,1,13,0.4,0.07,1,0,16,100,16
2016-12-07 00,12/7/2016,0,56,19,5,13,0.3,0.79,15,2,34,94,36
2016-12-06 23,12/6/2016,23,72,29,8,21,0.4,0.69,20,6,46,88,52
2016-12-06 22,12/6/2016,22,85,32,7,25,0.4,0.47,15,4,40,91,44
2016-12-06 21,12/6/2016,21,103,35,9,26,0.3,0.69,24,6,43,88,49
2016-12-06 20,12/6/2016,20,108,39,10,30,0.4,0.56,22,7,60,90,67
2016-12-06 19,12/6/2016,19,108,43,22,21,0.4,0.65,28,15,74,83,89
2016-12-06 18,12/6/2016,18,90,31,19,12,0.3,1.19,37,47,68,59,115
2016-12-06 17,12/6/2016,17,91,30,6,24,0.3,0.63,19,1,50,98,51
2016-12-06 16,12/6/2016,16,84,27,3,24,0.3,0.22,6,3,37,93,40
2016-12-06 15,12/6/2016,15,76,23,2,22,0.3,0.17,4,7,26,79,33
2016-12-06 14,12/6/2016,14,65,21,4,17,0.3,0.43,9,8,27,77,35
2016-12-06 13,12/6/2016,13,68,19,3,16,0.3,0.53,10,7,25,78,32
2016-12-06 12,12/6/2016,12,78,22,2,20,0.3,0.14,3,7,24,77,31
2016-12-06 11,12/6/2016,11,73,26,5,20,0.4,0.35,9,10,32,76,42
2016-12-06 10,12/6/2016,10,72,26,9,17,0.4,0.65,17,22,44,67,66
2016-12-06 09,12/6/2016,9,75,30,16,14,0.4,0.97,29,39,66,63,105
2016-12-06 08,12/6/2016,8,59,27,12,15,0.5,0.89,24,21,45,68,66
2016-12-06 07,12/6/2016,7,46,15,5,10,0.3,1,15,19,22,54,41
2016-12-06 06,12/6/2016,6,24,7,0,7,0.3,0.14,1,6,3,33,9
2016-12-06 05,12/6/2016,5,14,5,0,5,0.4,0.2,1,1,2,67,3
2016-12-06 04,12/6/2016,4,16,6,0,6,0.4,0,,3,1,25,4
2016-12-06 03,12/6/2016,3,18,6,1,5,0.3,0.33,2,6,3,33,9
2016-12-06 02,12/6/2016,2,19,6,0,6,0.3,0,,2,4,67,6
2016-12-06 01,12/6/2016,1,25,8,1,7,0.3,0.13,1,9,14,61,23
2016-12-06 00,12/6/2016,0,40,17,4,13,0.4,0.65,11,3,19,86,22
2016-12-05 23,12/5/2016,23,52,19,3,16,0.4,0.47,9,4,26,87,30
2016-12-05 22,12/5/2016,22,71,23,7,17,0.3,0.7,16,4,38,90,42
2016-12-05 21,12/5/2016,21,85,27,7,20,0.3,0.56,15,7,39,85,46
2016-12-05 20,12/5/2016,20,96,36,11,25,0.4,0.61,22,9,65,88,74
2016-12-05 19,12/5/2016,19,93,39,24,15,0.4,0.92,36,28,85,75,113
2016-12-05 18,12/5/2016,18,86,34,23,12,0.4,1.18,40,31,91,75,122
2016-12-05 17,12/5/2016,17,94,34,12,22,0.4,0.68,23,4,57,93,61
2016-12-05 16,12/5/2016,16,81,28,4,24,0.3,0.32,9,8,36,82,44
2016-12-05 15,12/5/2016,15,81,29,3,26,0.4,0.24,7,7,22,76,29
2016-12-05 14,12/5/2016,14,71,23,3,20,0.3,0.22,5,6,30,83,36
2016-12-05 13,12/5/2016,13,70,20,4,16,0.3,0.45,9,6,26,81,32
2016-12-05 12,12/5/2016,12,74,28,4,24,0.4,0.32,9,5,34,87,39
2016-12-05 11,12/5/2016,11,78,32,4,28,0.4,0.31,10,4,33,89,37
2016-12-05 10,12/5/2016,10,85,29,7,22,0.3,0.34,10,10,38,79,48
2016-12-05 09,12/5/2016,9,75,27,15,12,0.4,1.07,29,32,66,67,98
2016-12-05 08,12/5/2016,8,61,23,11,12,0.4,0.78,18,20,41,67,61
2016-12-05 07,12/5/2016,7,41,14,4,9,0.3,0.79,11,13,33,72,46
2016-12-05 06,12/5/2016,6,29,8,0,8,0.3,0.13,1,6,9,60,15
2016-12-05 05,12/5/2016,5,15,5,0,5,0.3,0,,1,1,50,2
2016-12-05 04,12/5/2016,4,11,3,0,3,0.3,0,,4,3,43,7
2016-12-05 03,12/5/2016,3,9,4,0,4,0.4,0.25,1,1,4,80,5
2016-12-05 02,12/5/2016,2,20,8,1,7,0.4,0.38,3,2,7,78,9
2016-12-05 01,12/5/2016,1,31,10,1,10,0.3,0,,4,12,75,16
2016-12-05 00,12/5/2016,0,38,13,1,12,0.3,0.31,4,10,25,71,35
2016-12-04 23,12/4/2016,23,46,15,3,13,0.3,0.4,6,10,30,75,40
2016-12-04 22,12/4/2016,22,65,23,6,17,0.4,0.61,14,8,45,85,53
2016-12-04 21,12/4/2016,21,77,29,6,23,0.4,0.72,21,8,44,85,52
2016-12-04 20,12/4/2016,20,87,36,5,31,0.4,0.36,13,4,59,94,63
2016-12-04 19,12/4/2016,19,87,33,9,24,0.4,0.67,22,8,62,89,70
2016-12-04 18,12/4/2016,18,80,27,6,21,0.3,0.52,14,7,39,85,46
2016-12-04 17,12/4/2016,17,81,28,9,19,0.3,0.75,21,3,55,95,58
2016-12-04 16,12/4/2016,16,74,28,5,23,0.4,0.71,20,4,47,92,51
2016-12-04 15,12/4/2016,15,72,30,3,27,0.4,0.23,7,1,29,97,30
2016-12-04 14,12/4/2016,14,67,27,2,25,0.4,0.19,5,6,24,80,30
2016-12-04 13,12/4/2016,13,54,23,3,20,0.4,0.35,8,4,31,89,35
2016-12-04 12,12/4/2016,12,45,19,2,17,0.4,0.42,8,4,25,86,29
2016-12-04 11,12/4/2016,11,47,18,0,18,0.4,0.11,2,4,23,85,27
2016-12-04 10,12/4/2016,10,44,20,1,19,0.5,0.2,4,2,18,90,20
2016-12-04 09,12/4/2016,9,39,14,0,14,0.4,0,,3,15,83,18
2016-12-04 08,12/4/2016,8,31,10,1,9,0.3,0.1,1,6,5,45,11
2016-12-04 07,12/4/2016,7,30,11,1,11,0.4,0.36,4,1,5,83,6
2016-12-04 06,12/4/2016,6,32,10,1,9,0.3,0.1,1,2,7,78,9
2016-12-04 05,12/4/2016,5,40,13,2,11,0.3,0.54,7,6,17,74,23
2016-12-04 04,12/4/2016,4,45,18,5,13,0.4,0.61,11,4,28,88,32
2016-12-04 03,12/4/2016,3,51,19,3,16,0.4,0.47,9,3,20,87,23
2016-12-04 02,12/4/2016,2,57,24,5,19,0.4,0.5,12,4,30,88,34
2016-12-04 01,12/4/2016,1,65,32,4,28,0.5,0.38,12,8,31,79,39
2016-12-04 00,12/4/2016,0,70,34,6,28,0.5,0.59,20,6,49,89,55
2016-12-03 23,12/3/2016,23,81,41,6,34,0.5,0.34,14,1,30,97,31
2016-12-03 22,12/3/2016,22,92,41,5,36,0.4,0.34,14,1,34,97,35
2016-12-03 21,12/3/2016,21,92,40,5,35,0.4,0.28,11,3,32,91,35
2016-12-03 20,12/3/2016,20,94,45,4,41,0.5,0.31,14,8,38,83,46
2016-12-03 19,12/3/2016,19,98,42,6,37,0.4,0.29,12,3,29,91,32
2016-12-03 18,12/3/2016,18,86,39,3,36,0.5,0.28,11,3,34,92,37
2016-12-03 17,12/3/2016,17,80,25,3,23,0.3,0.24,6,1,22,96,23
2016-12-03 16,12/3/2016,16,72,28,4,25,0.4,0.25,7,5,22,81,27
2016-12-03 15,12/3/2016,15,70,30,4,26,0.4,0.37,11,1,25,96,26
2016-12-03 14,12/3/2016,14,76,33,2,31,0.4,0.24,8,5,26,84,31
2016-12-03 13,12/3/2016,13,73,31,1,30,0.4,0,,3,17,85,20
2016-12-03 12,12/3/2016,12,62,26,3,23,0.4,0.27,7,4,25,86,29
2016-12-03 11,12/3/2016,11,56,23,1,22,0.4,0.13,3,6,14,70,20
2016-12-03 10,12/3/2016,10,49,23,1,22,0.5,0.17,4,2,12,86,14
2016-12-03 09,12/3/2016,9,46,22,0,22,0.5,0,,1,9,90,10
2016-12-03 08,12/3/2016,8,39,19,1,18,0.5,0.05,1,3,7,70,10
2016-12-03 07,12/3/2016,7,40,16,1,15,0.4,0.06,1,1,2,67,3
2016-12-03 06,12/3/2016,6,43,19,0,19,0.4,0.05,1,0,4,100,4
2016-12-03 05,12/3/2016,5,42,21,1,20,0.5,0.1,2,1,8,89,9
2016-12-03 04,12/3/2016,4,43,20,2,18,0.5,0.35,7,1,12,92,13
2016-12-03 03,12/3/2016,3,53,23,2,21,0.4,0.3,7,1,19,95,20
2016-12-03 02,12/3/2016,2,59,31,2,29,0.5,0.19,6,0,14,100,14
2016-12-03 01,12/3/2016,1,68,30,3,27,0.4,0.27,8,3,26,90,29
2016-12-03 00,12/3/2016,0,73,30,3,26,0.4,0.2,6,0,29,100,29
2016-12-02 23,12/2/2016,23,86,35,3,31,0.4,0.29,10,5,31,86,36
2016-12-02 22,12/2/2016,22,101,46,3,43,0.5,0.22,10,2,27,93,29
2016-12-02 21,12/2/2016,21,113,47,3,45,0.4,0.15,7,1,26,96,27
2016-12-02 20,12/2/2016,20,110,46,4,42,0.4,0.22,10,3,33,92,36
2016-12-02 19,12/2/2016,19,114,52,6,47,0.5,0.27,14,3,36,92,39
2016-12-02 18,12/2/2016,18,106,48,5,44,0.5,0.21,10,1,33,97,34
2016-12-02 17,12/2/2016,17,100,50,4,45,0.5,0.24,12,2,34,94,36
2016-12-02 16,12/2/2016,16,85,38,4,34,0.4,0.29,11,2,29,94,31
2016-12-02 15,12/2/2016,15,71,29,4,25,0.4,0.34,10,4,25,86,29
2016-12-02 14,12/2/2016,14,76,26,2,24,0.3,0.19,5,2,19,90,21
2016-12-02 13,12/2/2016,13,69,26,3,23,0.4,0.31,8,7,21,75,28
2016-12-02 12,12/2/2016,12,79,34,1,33,0.4,0.06,2,3,27,90,30
2016-12-02 11,12/2/2016,11,76,35,2,33,0.5,0.2,7,0,28,100,28
2016-12-02 10,12/2/2016,10,73,34,0,34,0.5,0.03,1,1,19,95,20
2016-12-02 09,12/2/2016,9,71,32,3,29,0.5,0.19,6,2,23,92,25
2016-12-02 08,12/2/2016,8,53,22,3,18,0.4,0.45,10,2,21,91,23
2016-12-02 07,12/2/2016,7,41,16,0,15,0.4,0.13,2,6,8,57,14
2016-12-02 06,12/2/2016,6,27,8,1,7,0.3,0.13,1,3,2,40,5
2016-12-02 05,12/2/2016,5,24,9,1,7,0.4,0.44,4,5,7,58,12
2016-12-02 04,12/2/2016,4,23,8,2,6,0.3,0.38,3,6,5,45,11
2016-12-02 03,12/2/2016,3,26,11,2,9,0.4,0.45,5,5,10,67,15
2016-12-02 02,12/2/2016,2,45,16,1,15,0.4,0.25,4,1,15,94,16
2016-12-02 01,12/2/2016,1,56,21,8,13,0.4,0.67,14,8,33,80,41
2016-12-02 00,12/2/2016,0,61,23,15,8,0.4,1.57,36,15,55,79,70
2016-12-01 23,12/1/2016,23,72,25,7,18,0.3,0.96,24,11,56,84,67
2016-12-01 22,12/1/2016,22,83,35,5,29,0.4,0.4,14,5,37,88,42
2016-12-01 21,12/1/2016,21,86,31,5,27,0.4,0.42,13,4,33,89,37
2016-12-01 20,12/1/2016,20,80,32,9,24,0.4,0.59,19,5,57,92,62
2016-12-01 19,12/1/2016,19,79,33,8,25,0.4,0.64,21,10,58,85,68
2016-12-01 18,12/1/2016,18,72,31,6,25,0.4,0.39,12,8,46,85,54
2016-12-01 17,12/1/2016,17,70,26,4,22,0.4,0.46,12,7,40,85,47
2016-12-01 16,12/1/2016,16,71,27,2,25,0.4,0.26,7,3,28,90,31
2016-12-01 15,12/1/2016,15,62,24,3,21,0.4,0.33,8,3,23,88,26
2016-12-01 14,12/1/2016,14,60,22,4,19,0.4,0.32,7,4,26,87,30
2016-12-01 13,12/1/2016,13,52,20,4,16,0.4,0.45,9,4,28,88,32
2016-12-01 12,12/1/2016,12,51,20,4,16,0.4,0.5,10,7,28,80,35
2016-12-01 11,12/1/2016,11,48,18,2,16,0.4,0.17,3,3,21,88,24
2016-12-01 10,12/1/2016,10,54,18,2,16,0.3,0.39,7,11,27,71,38
2016-12-01 09,12/1/2016,9,47,21,2,19,0.4,0.29,6,1,21,95,22
2016-12-01 08,12/1/2016,8,39,15,2,14,0.4,0.27,4,5,13,72,18
2016-12-01 07,12/1/2016,7,28,10,0,10,0.4,0.1,1,5,6,55,11
2016-12-01 06,12/1/2016,6,25,5,0,5,0.2,0,,5,1,17,6
2016-12-01 05,12/1/2016,5,29,6,1,5,0.2,0.17,1,5,5,50,10
2016-12-01 04,12/1/2016,4,30,7,2,5,0.2,0.71,5,8,13,62,21
2016-12-01 03,12/1/2016,3,36,9,2,7,0.3,0.67,6,15,19,56,34
2016-12-01 02,12/1/2016,2,44,17,4,14,0.4,0.53,9,5,27,84,32
2016-12-01 01,12/1/2016,1,65,22,5,17,0.3,0.59,13,2,33,94,35
2016-12-01 00,12/1/2016,0,71,25,10,15,0.4,0.96,24,9,48,84,57
2016-11-30 23,11/30/2016,23,74,25,11,14,0.3,1.08,27,11,59,84,70
2016-11-30 22,11/30/2016,22,81,30,6,24,0.4,0.67,20,6,39,87,45
2016-11-30 21,11/30/2016,21,74,27,5,22,0.4,0.59,16,5,34,87,39
2016-11-30 20,11/30/2016,20,91,37,4,33,0.4,0.35,13,7,44,86,51
2016-11-30 19,11/30/2016,19,81,31,6,25,0.4,0.52,16,5,46,90,51
2016-11-30 18,11/30/2016,18,84,34,7,27,0.4,0.5,17,3,37,93,40
2016-11-30 17,11/30/2016,17,91,30,4,26,0.3,0.27,8,1,34,97,35
2016-11-30 16,11/30/2016,16,92,32,4,29,0.3,0.28,9,3,30,91,33
2016-11-30 15,11/30/2016,15,86,25,2,22,0.3,0.36,9,8,26,76,34
2016-11-30 14,11/30/2016,14,82,28,3,24,0.3,0.29,8,3,29,91,32
2016-11-30 13,11/30/2016,13,77,27,6,21,0.4,0.52,14,11,34,76,45
2016-11-30 12,11/30/2016,12,72,29,3,26,0.4,0.28,8,7,30,81,37
2016-11-30 11,11/30/2016,11,76,28,1,27,0.4,0.11,3,2,20,91,22
2016-11-30 10,11/30/2016,10,72,27,3,24,0.4,0.22,6,5,19,79,24
2016-11-30 09,11/30/2016,9,67,26,3,23,0.4,0.31,8,7,19,73,26
2016-11-30 08,11/30/2016,8,61,27,2,25,0.4,0.11,3,4,21,84,25
2016-11-30 07,11/30/2016,7,41,16,3,14,0.4,0.44,7,10,16,62,26
2016-11-30 06,11/30/2016,6,29,10,1,9,0.3,0.2,2,11,14,56,25
2016-11-30 05,11/30/2016,5,34,13,3,9,0.4,0.31,4,13,20,61,33
2016-11-30 04,11/30/2016,4,29,13,7,6,0.4,1,13,48,26,35,74
2016-11-30 03,11/30/2016,3,32,15,5,9,0.5,0.87,13,27,25,48,52
2016-11-30 02,11/30/2016,2,46,18,2,16,0.4,0.33,6,3,14,82,17
2016-11-30 01,11/30/2016,1,61,29,9,20,0.5,0.62,18,3,50,94,53
2016-11-30 00,11/30/2016,0,68,30,13,18,0.4,1.07,32,3,67,96,70
2016-11-29 23,11/29/2016,23,81,40,18,22,0.5,1.2,48,7,90,93,97
2016-11-29 22,11/29/2016,22,96,42,15,28,0.4,0.88,37,5,97,95,102
2016-11-29 21,11/29/2016,21,96,42,15,27,0.4,0.9,38,13,86,87,99
2016-11-29 20,11/29/2016,20,102,38,10,28,0.4,0.68,26,10,88,90,98
2016-11-29 19,11/29/2016,19,110,43,22,21,0.4,0.79,34,27,89,77,116
2016-11-29 18,11/29/2016,18,100,34,20,15,0.3,0.88,30,44,77,64,121
2016-11-29 17,11/29/2016,17,81,29,13,16,0.4,0.93,27,19,45,70,64
2016-11-29 16,11/29/2016,16,75,23,9,14,0.3,0.57,13,24,43,64,67
2016-11-29 15,11/29/2016,15,67,22,8,13,0.3,0.73,16,15,43,74,58
2016-11-29 14,11/29/2016,14,64,21,8,13,0.3,0.52,11,6,34,85,40
2016-11-29 13,11/29/2016,13,71,26,7,19,0.4,0.58,15,8,43,84,51
2016-11-29 12,11/29/2016,12,72,26,5,21,0.4,0.42,11,5,32,86,37
2016-11-29 11,11/29/2016,11,74,28,6,22,0.4,0.43,12,10,41,80,51
2016-11-29 10,11/29/2016,10,90,35,7,27,0.4,0.37,13,9,52,85,61
2016-11-29 09,11/29/2016,9,82,35,20,15,0.4,0.86,30,33,64,66,97
2016-11-29 08,11/29/2016,8,67,33,14,19,0.5,0.94,31,17,55,76,72
2016-11-29 07,11/29/2016,7,56,22,6,16,0.4,0.59,13,9,22,71,31
2016-11-29 06,11/29/2016,6,35,12,0,12,0.3,0.08,1,3,6,67,9
2016-11-29 05,11/29/2016,5,23,10,0,10,0.4,0,,3,3,50,6
2016-11-29 04,11/29/2016,4,23,10,0,9,0.4,0.2,2,2,3,60,5
2016-11-29 03,11/29/2016,3,23,11,0,11,0.5,0,,1,4,80,5
2016-11-29 02,11/29/2016,2,26,11,0,11,0.4,0,,6,3,33,9
2016-11-29 01,11/29/2016,1,31,11,0,11,0.4,0.09,1,1,6,86,7
2016-11-29 00,11/29/2016,0,47,15,2,13,0.3,0.27,4,6,23,79,29
2016-11-28 23,11/28/2016,23,62,24,5,19,0.4,0.46,11,7,36,84,43
2016-11-28 22,11/28/2016,22,72,29,6,23,0.4,0.41,12,7,48,87,55
2016-11-28 21,11/28/2016,21,94,38,5,32,0.4,0.39,15,2,37,95,39
2016-11-28 20,11/28/2016,20,113,49,5,45,0.4,0.27,13,2,41,95,43
2016-11-28 19,11/28/2016,19,117,49,13,36,0.4,0.57,28,4,70,95,74
2016-11-28 18,11/28/2016,18,95,40,15,25,0.4,0.88,35,1,64,98,65
2016-11-28 17,11/28/2016,17,102,40,10,30,0.4,0.4,16,3,45,94,48
2016-11-28 16,11/28/2016,16,90,35,5,30,0.4,0.34,12,2,40,95,42
2016-11-28 15,11/28/2016,15,74,25,4,21,0.3,0.32,8,8,33,80,41
2016-11-28 14,11/28/2016,14,63,20,3,17,0.3,0.3,6,5,24,83,29
2016-11-28 13,11/28/2016,13,57,21,2,19,0.4,0.24,5,5,29,85,34
2016-11-28 12,11/28/2016,12,67,22,3,19,0.3,0.36,8,1,25,96,26
2016-11-28 11,11/28/2016,11,75,32,4,28,0.4,0.16,5,5,20,80,25
2016-11-28 10,11/28/2016,10,79,36,9,27,0.5,0.47,17,4,55,93,59
2016-11-28 09,11/28/2016,9,77,34,15,19,0.4,0.76,26,20,51,72,71
2016-11-28 08,11/28/2016,8,62,24,11,13,0.4,0.96,23,21,42,67,63
2016-11-28 07,11/28/2016,7,44,15,5,10,0.3,0.8,12,24,21,47,45
2016-11-28 06,11/28/2016,6,25,8,1,7,0.3,0.5,4,7,6,46,13
2016-11-28 05,11/28/2016,5,17,6,0,6,0.4,0.17,1,2,1,33,3
2016-11-28 04,11/28/2016,4,15,7,0,7,0.5,0,,7,1,13,8
2016-11-28 03,11/28/2016,3,20,8,0,8,0.4,0,,2,4,67,6
2016-11-28 02,11/28/2016,2,21,10,1,8,0.5,0.3,3,2,9,82,11
2016-11-28 01,11/28/2016,1,31,12,1,11,0.4,0.33,4,3,12,80,15
2016-11-28 00,11/28/2016,0,43,17,1,16,0.4,0.18,3,1,17,94,18
2016-11-27 23,11/27/2016,23,58,21,5,16,0.4,0.71,15,6,34,85,40
2016-11-27 22,11/27/2016,22,66,28,5,23,0.4,0.57,16,3,45,94,48
2016-11-27 21,11/27/2016,21,85,36,6,30,0.4,0.53,19,5,48,91,53
2016-11-27 20,11/27/2016,20,84,41,5,36,0.5,0.32,13,4,41,91,45
2016-11-27 19,11/27/2016,19,89,37,4,33,0.4,0.32,12,5,34,87,39
2016-11-27 18,11/27/2016,18,83,33,8,26,0.4,0.21,7,5,40,89,45
2016-11-27 17,11/27/2016,17,84,34,4,30,0.4,0.56,19,4,44,92,48
2016-11-27 16,11/27/2016,16,75,30,4,26,0.4,0.3,9,7,25,78,32
2016-11-27 15,11/27/2016,15,72,31,4,27,0.4,0.42,13,2,30,94,32
2016-11-27 14,11/27/2016,14,60,28,5,23,0.5,0.39,11,0,16,100,16
2016-11-27 13,11/27/2016,13,48,19,4,15,0.4,0.37,7,6,41,87,47
2016-11-27 12,11/27/2016,12,47,18,5,13,0.4,0.33,6,14,34,71,48
2016-11-27 11,11/27/2016,11,42,15,4,11,0.4,0.67,10,14,30,68,44
2016-11-27 10,11/27/2016,10,43,12,3,9,0.3,0.75,9,9,21,70,30
2016-11-27 09,11/27/2016,9,28,12,0,12,0.4,0.17,2,6,16,73,22
2016-11-27 08,11/27/2016,8,29,10,2,8,0.3,0.3,3,11,15,58,26
2016-11-27 07,11/27/2016,7,24,10,1,9,0.4,0.3,3,5,3,38,8
2016-11-27 06,11/27/2016,6,34,13,2,12,0.4,0.08,1,0,10,100,10
2016-11-27 05,11/27/2016,5,46,20,4,16,0.4,0.55,11,0,19,100,19
2016-11-27 04,11/27/2016,4,56,24,8,16,0.4,1,24,6,34,85,40
2016-11-27 03,11/27/2016,3,71,32,6,25,0.5,0.59,19,0,34,100,34
2016-11-27 02,11/27/2016,2,78,34,8,26,0.4,0.62,21,0,38,100,38
2016-11-27 01,11/27/2016,1,93,44,13,31,0.5,0.59,26,0,68,100,68
2016-11-27 00,11/27/2016,0,97,42,14,28,0.4,1,42,0,73,100,73
2016-11-26 23,11/26/2016,23,105,51,7,44,0.5,0.51,26,1,61,98,62
2016-11-26 22,11/26/2016,22,110,51,6,45,0.5,0.31,16,1,52,98,53
2016-11-26 21,11/26/2016,21,116,56,8,48,0.5,0.38,21,2,47,96,49
2016-11-26 20,11/26/2016,20,112,51,8,43,0.5,0.43,22,2,49,96,51
2016-11-26 19,11/26/2016,19,108,46,5,41,0.4,0.37,17,10,55,85,65
2016-11-26 18,11/26/2016,18,100,40,3,36,0.4,0.15,6,2,31,94,33
2016-11-26 17,11/26/2016,17,85,34,5,30,0.4,0.35,12,6,32,84,38
2016-11-26 16,11/26/2016,16,69,25,6,19,0.4,0.44,11,2,31,94,33
2016-11-26 15,11/26/2016,15,58,22,4,18,0.4,0.32,7,4,49,92,53
2016-11-26 14,11/26/2016,14,62,20,4,16,0.3,0.55,11,4,27,87,31
2016-11-26 13,11/26/2016,13,66,28,2,26,0.4,0.14,4,2,26,93,28
2016-11-26 12,11/26/2016,12,60,27,7,20,0.5,0.63,17,3,30,91,33
2016-11-26 11,11/26/2016,11,57,24,5,18,0.4,0.42,10,3,39,93,42
2016-11-26 10,11/26/2016,10,51,19,6,13,0.4,0.79,15,13,41,76,54
2016-11-26 09,11/26/2016,9,45,17,2,15,0.4,0.29,5,6,23,79,29
2016-11-26 08,11/26/2016,8,37,15,2,13,0.4,0.27,4,2,18,90,20
2016-11-26 07,11/26/2016,7,34,14,1,12,0.4,0.21,3,0,8,100,8
2016-11-26 06,11/26/2016,6,31,12,2,11,0.4,0.33,4,1,8,89,9
2016-11-26 05,11/26/2016,5,36,14,3,10,0.4,0.36,5,1,10,91,11
2016-11-26 04,11/26/2016,4,43,18,9,9,0.4,1.11,20,8,29,78,37
2016-11-26 03,11/26/2016,3,58,24,6,17,0.4,0.71,17,0,37,100,37
2016-11-26 02,11/26/2016,2,72,29,8,21,0.4,0.69,20,2,40,95,42
2016-11-26 01,11/26/2016,1,85,34,6,28,0.4,0.53,18,3,32,91,35
2016-11-26 00,11/26/2016,0,96,41,9,33,0.4,0.54,22,1,49,98,50
2016-11-25 23,11/25/2016,23,99,38,7,31,0.4,0.66,25,4,63,94,67
2016-11-25 22,11/25/2016,22,109,48,7,41,0.4,0.42,20,8,51,86,59
2016-11-25 21,11/25/2016,21,111,48,7,41,0.4,0.42,20,2,49,96,51
2016-11-25 20,11/25/2016,20,118,47,6,41,0.4,0.34,16,9,63,88,72
2016-11-25 19,11/25/2016,19,112,51,14,36,0.5,0.47,24,4,65,94,69
2016-11-25 18,11/25/2016,18,91,42,23,19,0.5,0.81,34,22,86,80,108
2016-11-25 17,11/25/2016,17,90,37,15,22,0.4,0.78,29,18,68,79,86
2016-11-25 16,11/25/2016,16,86,30,8,22,0.3,0.43,13,9,49,84,58
2016-11-25 15,11/25/2016,15,74,26,9,16,0.4,0.65,17,7,44,86,51
2016-11-25 14,11/25/2016,14,67,22,7,15,0.3,0.55,12,12,39,76,51
2016-11-25 13,11/25/2016,13,71,23,5,19,0.3,0.57,13,3,42,93,45
2016-11-25 12,11/25/2016,12,74,27,6,21,0.4,0.52,14,8,36,82,44
2016-11-25 11,11/25/2016,11,71,27,8,19,0.4,0.52,14,13,40,75,53
2016-11-25 10,11/25/2016,10,75,28,12,17,0.4,0.68,19,12,55,82,67
2016-11-25 09,11/25/2016,9,70,26,16,10,0.4,1.23,32,49,66,57,115
2016-11-25 08,11/25/2016,8,58,19,11,8,0.3,1.32,25,38,50,57,88
2016-11-25 07,11/25/2016,7,45,15,4,11,0.3,0.73,11,16,27,63,43
2016-11-25 06,11/25/2016,6,31,10,0,10,0.3,0.1,1,2,3,60,5
2016-11-25 05,11/25/2016,5,24,11,0,10,0.5,0.09,1,1,2,67,3
2016-11-25 04,11/25/2016,4,24,8,0,8,0.3,0.13,1,2,4,67,6
2016-11-25 03,11/25/2016,3,26,9,1,8,0.3,0.22,2,2,8,80,10
2016-11-25 02,11/25/2016,2,35,11,2,9,0.3,0.55,6,2,12,86,14
2016-11-25 01,11/25/2016,1,50,18,2,16,0.4,0.28,5,1,19,95,20
2016-11-25 00,11/25/2016,0,57,23,8,15,0.4,0.7,16,6,48,89,54
2016-11-24 23,11/24/2016,23,72,28,11,17,0.4,1.11,31,9,63,88,72
2016-11-24 22,11/24/2016,22,93,36,7,29,0.4,0.47,17,4,42,91,46
2016-11-24 21,11/24/2016,21,116,44,7,37,0.4,0.41,18,3,52,95,55
2016-11-24 20,11/24/2016,20,123,50,8,42,0.4,0.34,17,0,56,100,56
2016-11-24 19,11/24/2016,19,116,45,16,28,0.4,0.71,32,11,78,88,89
2016-11-24 18,11/24/2016,18,106,43,23,21,0.4,0.86,37,12,79,87,91
2016-11-24 17,11/24/2016,17,91,34,11,23,0.4,0.62,21,4,57,93,61
2016-11-24 16,11/24/2016,16,101,36,6,30,0.4,0.44,16,0,39,100,39
2016-11-24 15,11/24/2016,15,86,32,2,30,0.4,0.16,5,2,19,90,21
2016-11-24 14,11/24/2016,14,71,28,3,26,0.4,0.25,7,2,24,92,26
2016-11-24 13,11/24/2016,13,72,26,6,20,0.4,0.35,9,6,36,86,42
2016-11-24 12,11/24/2016,12,73,27,4,23,0.4,0.33,9,9,28,76,37
2016-11-24 11,11/24/2016,11,83,36,7,28,0.4,0.33,12,9,39,81,48
2016-11-24 10,11/24/2016,10,83,39,9,30,0.5,0.46,18,14,49,78,63
2016-11-24 09,11/24/2016,9,73,31,17,14,0.4,1.03,32,38,72,65,110
2016-11-24 08,11/24/2016,8,66,27,13,14,0.4,0.93,25,36,60,63,96
2016-11-24 07,11/24/2016,7,53,18,2,16,0.3,0.44,8,14,26,65,40
2016-11-24 06,11/24/2016,6,37,14,0,14,0.4,0.07,1,3,8,73,11
2016-11-24 05,11/24/2016,5,31,16,0,16,0.5,0.06,1,1,4,80,5
2016-11-24 04,11/24/2016,4,25,11,0,11,0.4,0,,8,4,33,12
2016-11-24 03,11/24/2016,3,22,8,1,7,0.4,0.13,1,11,4,27,15
2016-11-24 02,11/24/2016,2,34,13,0,12,0.4,0.08,1,5,11,69,16
2016-11-24 01,11/24/2016,1,53,22,2,20,0.4,0.23,5,3,25,89,28
2016-11-24 00,11/24/2016,0,70,27,8,19,0.4,0.63,17,4,53,93,57
2016-11-23 23,11/23/2016,23,75,37,12,24,0.5,1,37,1,72,99,73
2016-11-23 22,11/23/2016,22,87,40,7,32,0.5,0.68,27,0,61,100,61
2016-11-23 21,11/23/2016,21,110,44,6,38,0.4,0.41,18,3,56,95,59
2016-11-23 20,11/23/2016,20,115,53,8,45,0.5,0.32,17,1,54,98,55
2016-11-23 19,11/23/2016,19,115,49,18,32,0.4,0.61,30,6,71,92,77
2016-11-23 18,11/23/2016,18,102,40,23,17,0.4,1.07,43,24,116,83,140
2016-11-23 17,11/23/2016,17,102,45,8,37,0.4,0.53,24,8,158,95,166
2016-11-23 16,11/23/2016,16,89,32,3,29,0.4,0.19,6,1,25,96,26
2016-11-23 15,11/23/2016,15,76,24,2,22,0.3,0.25,6,1,27,96,28
2016-11-23 14,11/23/2016,14,78,26,3,23,0.3,0.19,5,2,18,90,20
2016-11-23 13,11/23/2016,13,76,24,5,19,0.3,0.33,8,4,25,86,29
2016-11-23 12,11/23/2016,12,75,32,2,30,0.4,0.19,6,0,26,100,26
2016-11-23 11,11/23/2016,11,87,33,6,28,0.4,0.27,9,5,20,80,25
2016-11-23 10,11/23/2016,10,92,41,9,32,0.4,0.34,14,10,31,76,41
2016-11-23 09,11/23/2016,9,80,34,17,17,0.4,0.88,30,43,68,61,111
2016-11-23 08,11/23/2016,8,69,29,13,16,0.4,0.86,25,35,43,55,78
2016-11-23 07,11/23/2016,7,49,17,2,15,0.3,0.47,8,4,18,82,22
2016-11-23 06,11/23/2016,6,33,14,0,14,0.4,0,,2,8,80,10
2016-11-23 05,11/23/2016,5,26,12,0,11,0.5,0,,0,3,100,3
2016-11-23 04,11/23/2016,4,21,9,0,9,0.4,0.22,2,3,3,50,6
2016-11-23 03,11/23/2016,3,24,9,1,9,0.4,0.11,1,3,7,70,10
2016-11-23 02,11/23/2016,2,28,13,1,12,0.5,0.23,3,1,6,86,7
2016-11-23 01,11/23/2016,1,42,18,2,16,0.4,0.06,1,3,7,70,10
2016-11-23 00,11/23/2016,0,48,22,4,19,0.5,0.41,9,4,24,86,28
2016-11-22 23,11/22/2016,23,64,25,5,20,0.4,0.48,12,9,34,79,43
2016-11-22 22,11/22/2016,22,82,30,7,24,0.4,0.67,20,2,44,96,46
2016-11-22 21,11/22/2016,21,92,40,4,36,0.4,0.28,11,1,30,97,31
2016-11-22 20,11/22/2016,20,107,50,11,39,0.5,0.46,23,6,47,89,53
2016-11-22 19,11/22/2016,19,104,45,14,31,0.4,0.56,25,9,65,88,74
2016-11-22 18,11/22/2016,18,113,38,12,26,0.3,0.58,22,12,66,85,78
2016-11-22 17,11/22/2016,17,117,45,3,42,0.4,0.2,9,1,35,97,36
2016-11-22 16,11/22/2016,16,91,38,4,34,0.4,0.21,8,0,24,100,24
2016-11-22 15,11/22/2016,15,77,27,1,27,0.4,0.04,1,0,9,100,9
2016-11-22 14,11/22/2016,14,75,32,2,30,0.4,0.09,3,1,19,95,20
2016-11-22 13,11/22/2016,13,74,27,3,24,0.4,0.19,5,1,23,96,24
2016-11-22 12,11/22/2016,12,70,22,4,19,0.3,0.27,6,2,15,88,17
2016-11-22 11,11/22/2016,11,84,30,2,28,0.4,0.13,4,0,21,100,21
2016-11-22 10,11/22/2016,10,75,32,9,22,0.4,0.5,16,6,39,87,45
2016-11-22 09,11/22/2016,9,76,31,11,20,0.4,0.74,23,9,49,84,58
2016-11-22 08,11/22/2016,8,64,23,10,13,0.4,0.91,21,11,42,79,53
2016-11-22 07,11/22/2016,7,38,18,3,14,0.5,0.39,7,10,22,69,32
2016-11-22 06,11/22/2016,6,27,11,0,11,0.4,0.09,1,2,8,80,10
2016-11-22 05,11/22/2016,5,18,11,0,11,0.6,0,,0,1,100,1
2016-11-22 04,11/22/2016,4,17,8,0,8,0.5,0,,0,4,100,4
2016-11-22 03,11/22/2016,3,15,6,0,6,0.4,0,,2,1,33,3
2016-11-22 02,11/22/2016,2,16,7,0,7,0.4,0,,3,5,63,8
2016-11-22 01,11/22/2016,1,27,10,2,8,0.4,0.3,3,8,11,58,19
2016-11-22 00,11/22/2016,0,36,16,2,14,0.4,0.25,4,1,17,94,18
2016-11-21 23,11/21/2016,23,47,23,2,20,0.5,0.22,5,2,22,92,24
2016-11-21 22,11/21/2016,22,54,18,2,16,0.3,0.33,6,1,30,97,31
2016-11-21 21,11/21/2016,21,64,30,4,26,0.5,0.37,11,0,35,100,35
2016-11-21 20,11/21/2016,20,86,36,6,30,0.4,0.28,10,0,32,100,32
2016-11-21 19,11/21/2016,19,88,33,11,22,0.4,0.48,16,8,44,85,52
2016-11-21 18,11/21/2016,18,81,30,16,14,0.4,1.03,31,9,56,86,65
2016-11-21 17,11/21/2016,17,77,30,4,25,0.4,0.33,10,0,30,100,30
2016-11-21 16,11/21/2016,16,75,26,3,23,0.3,0.23,6,2,21,91,23
2016-11-21 15,11/21/2016,15,65,22,4,18,0.3,0.27,6,5,19,79,24
2016-11-21 14,11/21/2016,14,62,17,1,16,0.3,0.35,6,4,21,84,25
2016-11-21 13,11/21/2016,13,53,19,4,15,0.4,0.37,7,3,15,83,18
2016-11-21 12,11/21/2016,12,61,20,4,16,0.3,0.45,9,4,27,87,31
2016-11-21 11,11/21/2016,11,54,23,4,19,0.4,0.26,6,0,25,100,25
2016-11-21 10,11/21/2016,10,63,26,8,18,0.4,0.65,17,16,46,74,62
2016-11-21 09,11/21/2016,9,53,22,13,9,0.4,1.18,26,32,48,60,80
2016-11-21 08,11/21/2016,8,42,16,11,4,0.4,1.25,20,50,37,43,87
2016-11-21 07,11/21/2016,7,34,10,6,4,0.3,1.1,11,22,17,44,39
2016-11-21 06,11/21/2016,6,17,4,0,4,0.2,0.25,1,8,5,38,13
2016-11-21 05,11/21/2016,5,13,4,1,3,0.3,0.25,1,2,3,60,5
2016-11-21 04,11/21/2016,4,12,6,1,5,0.5,0.5,3,2,5,71,7
2016-11-21 03,11/21/2016,3,15,5,1,4,0.3,0.2,1,6,4,40,10
2016-11-21 02,11/21/2016,2,20,7,1,6,0.3,0.57,4,4,10,71,14
2016-11-21 01,11/21/2016,1,28,10,2,9,0.4,0.3,3,4,11,73,15
2016-11-21 00,11/21/2016,0,41,16,2,13,0.4,0.38,6,6,22,79,28
2016-11-20 23,11/20/2016,23,54,20,5,16,0.4,0.5,10,0,41,100,41
2016-11-20 22,11/20/2016,22,68,23,3,20,0.3,0.43,10,3,40,93,43
2016-11-20 21,11/20/2016,21,77,27,3,25,0.4,0.37,10,1,25,96,26
2016-11-20 20,11/20/2016,20,87,39,6,34,0.4,0.31,12,3,43,93,46
2016-11-20 19,11/20/2016,19,87,32,5,27,0.4,0.5,16,1,37,97,38
2016-11-20 18,11/20/2016,18,83,30,7,23,0.4,0.53,16,1,43,98,44
2016-11-20 17,11/20/2016,17,80,28,4,24,0.3,0.46,13,2,27,93,29
2016-11-20 16,11/20/2016,16,62,23,4,19,0.4,0.61,14,4,31,89,35
2016-11-20 15,11/20/2016,15,62,22,3,19,0.4,0.32,7,3,36,92,39
2016-11-20 14,11/20/2016,14,54,19,3,17,0.4,0.21,4,2,25,93,27
2016-11-20 13,11/20/2016,13,53,18,2,17,0.3,0.39,7,6,21,78,27
2016-11-20 12,11/20/2016,12,43,19,2,16,0.4,0.26,5,5,32,86,37
2016-11-20 11,11/20/2016,11,42,15,3,13,0.4,0.47,7,8,18,69,26
2016-11-20 10,11/20/2016,10,40,14,2,12,0.3,0.36,5,5,13,72,18
2016-11-20 09,11/20/2016,9,37,10,1,8,0.3,0.3,3,7,18,72,25
2016-11-20 08,11/20/2016,8,26,6,2,5,0.2,0.5,3,6,12,67,18
2016-11-20 07,11/20/2016,7,27,8,1,7,0.3,0.25,2,2,8,80,10
2016-11-20 06,11/20/2016,6,34,13,2,11,0.4,0.31,4,3,10,77,13
2016-11-20 05,11/20/2016,5,48,18,1,16,0.4,0.22,4,1,10,91,11
2016-11-20 04,11/20/2016,4,51,20,6,14,0.4,0.65,13,4,23,85,27
2016-11-20 03,11/20/2016,3,56,25,6,20,0.4,0.68,17,3,32,91,35
2016-11-20 02,11/20/2016,2,64,27,7,20,0.4,0.48,13,6,36,86,42
2016-11-20 01,11/20/2016,1,74,33,8,25,0.4,0.61,20,1,48,98,49
2016-11-20 00,11/20/2016,0,83,29,10,19,0.3,1.03,30,1,53,98,54
2016-11-19 23,11/19/2016,23,90,32,7,25,0.4,0.63,20,0,59,100,59
2016-11-19 22,11/19/2016,22,91,36,5,31,0.4,0.47,17,2,46,96,48
2016-11-19 21,11/19/2016,21,93,45,5,40,0.5,0.24,11,1,37,97,38
2016-11-19 20,11/19/2016,20,83,35,6,29,0.4,0.49,17,9,35,80,44
2016-11-19 19,11/19/2016,19,86,34,6,29,0.4,0.47,16,8,45,85,53
2016-11-19 18,11/19/2016,18,81,31,7,25,0.4,0.52,16,6,43,88,49
2016-11-19 17,11/19/2016,17,77,28,4,24,0.4,0.39,11,5,38,88,43
2016-11-19 16,11/19/2016,16,67,22,3,19,0.3,0.32,7,7,36,84,43
2016-11-19 15,11/19/2016,15,69,23,3,20,0.3,0.26,6,7,33,83,40
2016-11-19 14,11/19/2016,14,52,21,5,16,0.4,0.38,8,5,32,86,37
2016-11-19 13,11/19/2016,13,53,18,4,14,0.3,0.56,10,6,28,82,34
2016-11-19 12,11/19/2016,12,51,17,2,15,0.3,0.41,7,7,28,80,35
2016-11-19 11,11/19/2016,11,43,18,5,12,0.4,0.44,8,12,28,70,40
2016-11-19 10,11/19/2016,10,41,16,4,12,0.4,0.81,13,10,29,74,39
2016-11-19 09,11/19/2016,9,37,12,3,9,0.3,0.67,8,16,18,53,34
2016-11-19 08,11/19/2016,8,27,7,2,5,0.3,0.57,4,12,10,45,22
2016-11-19 07,11/19/2016,7,18,5,1,5,0.3,0.4,2,20,10,33,30
2016-11-19 06,11/19/2016,6,24,9,1,7,0.4,0.33,3,3,5,63,8
2016-11-19 05,11/19/2016,5,34,14,4,11,0.4,0.71,10,2,13,87,15
2016-11-19 04,11/19/2016,4,40,19,5,13,0.5,0.68,13,8,22,73,30
2016-11-19 03,11/19/2016,3,47,24,7,17,0.5,0.79,19,4,38,90,42
2016-11-19 02,11/19/2016,2,59,26,5,21,0.4,0.58,15,2,33,94,35
2016-11-19 01,11/19/2016,1,74,30,8,22,0.4,0.7,21,3,41,93,44
2016-11-19 00,11/19/2016,0,88,35,10,25,0.4,0.77,27,3,59,95,62
2016-11-18 23,11/18/2016,23,95,40,9,31,0.4,0.7,28,6,59,91,65
2016-11-18 22,11/18/2016,22,106,46,4,42,0.4,0.28,13,6,40,87,46
2016-11-18 21,11/18/2016,21,108,44,7,36,0.4,0.41,18,6,49,89,55
2016-11-18 20,11/18/2016,20,108,42,12,31,0.4,0.55,23,7,52,88,59
2016-11-18 19,11/18/2016,19,102,40,15,24,0.4,0.68,27,10,76,88,86
2016-11-18 18,11/18/2016,18,83,37,22,15,0.4,0.78,29,16,66,80,82
2016-11-18 17,11/18/2016,17,82,25,11,14,0.3,1,25,11,51,82,62
2016-11-18 16,11/18/2016,16,63,22,10,11,0.3,0.68,15,17,32,65,49
2016-11-18 15,11/18/2016,15,62,22,10,11,0.4,0.86,19,38,46,55,84
2016-11-18 14,11/18/2016,14,65,21,6,15,0.3,0.57,12,12,38,76,50
2016-11-18 13,11/18/2016,13,65,23,4,18,0.4,0.39,9,10,34,77,44
2016-11-18 12,11/18/2016,12,58,22,6,16,0.4,0.45,10,15,30,67,45
2016-11-18 11,11/18/2016,11,56,23,5,18,0.4,0.39,9,9,30,77,39
2016-11-18 10,11/18/2016,10,67,27,10,17,0.4,0.67,18,14,50,78,64
2016-11-18 09,11/18/2016,9,58,24,12,12,0.4,1.04,25,25,48,66,73
2016-11-18 08,11/18/2016,8,48,16,8,8,0.3,1,16,26,34,57,60
2016-11-18 07,11/18/2016,7,38,9,3,6,0.2,1.22,11,18,26,59,44
2016-11-18 06,11/18/2016,6,19,5,1,4,0.3,0.2,1,7,2,22,9
2016-11-18 05,11/18/2016,5,20,7,1,5,0.3,0.29,2,9,3,25,12
2016-11-18 04,11/18/2016,4,27,12,4,8,0.4,0.75,9,12,20,63,32
2016-11-18 03,11/18/2016,3,40,20,4,16,0.5,0.6,12,7,30,81,37
2016-11-18 02,11/18/2016,2,45,24,1,23,0.5,0.17,4,1,19,95,20
2016-11-18 01,11/18/2016,1,61,28,5,23,0.5,0.57,16,3,31,91,34
2016-11-18 00,11/18/2016,0,62,30,8,22,0.5,0.8,24,5,44,90,49
2016-11-17 23,11/17/2016,23,68,30,11,19,0.4,0.83,25,11,66,86,77
2016-11-17 22,11/17/2016,22,77,34,13,21,0.4,1.12,38,5,78,94,83
2016-11-17 21,11/17/2016,21,95,38,11,27,0.4,0.76,29,6,77,93,83
2016-11-17 20,11/17/2016,20,97,42,9,33,0.4,0.55,23,8,70,90,78
2016-11-17 19,11/17/2016,19,87,38,14,24,0.4,0.45,17,15,76,84,91
2016-11-17 18,11/17/2016,18,83,31,18,13,0.4,1,31,34,93,73,127
2016-11-17 17,11/17/2016,17,82,26,9,17,0.3,0.69,18,22,61,73,83
2016-11-17 16,11/17/2016,16,71,22,6,17,0.3,0.59,13,21,41,66,62
2016-11-17 15,11/17/2016,15,63,19,4,15,0.3,0.37,7,17,40,70,57
2016-11-17 14,11/17/2016,14,60,21,2,19,0.3,0.19,4,8,24,75,32
2016-11-17 13,11/17/2016,13,51,19,4,15,0.4,0.32,6,16,19,54,35
2016-11-17 12,11/17/2016,12,71,24,4,21,0.3,0.46,11,10,29,74,39
2016-11-17 11,11/17/2016,11,74,26,4,22,0.4,0.23,6,8,32,80,40
2016-11-17 10,11/17/2016,10,78,35,12,23,0.4,0.57,20,17,49,74,66
2016-11-17 09,11/17/2016,9,74,32,18,14,0.4,0.94,30,33,56,63,89
2016-11-17 08,11/17/2016,8,59,23,11,13,0.4,0.96,22,23,45,66,68
2016-11-17 07,11/17/2016,7,34,9,4,5,0.3,1.11,10,22,16,42,38
2016-11-17 06,11/17/2016,6,29,7,0,7,0.2,0.29,2,6,3,33,9
2016-11-17 05,11/17/2016,5,28,10,1,9,0.4,0,,1,3,75,4
2016-11-17 04,11/17/2016,4,30,12,2,11,0.4,0.25,3,6,9,60,15
2016-11-17 03,11/17/2016,3,37,16,4,12,0.4,0.5,8,16,19,54,35
2016-11-17 02,11/17/2016,2,40,21,3,18,0.5,0.24,5,4,22,85,26
2016-11-17 01,11/17/2016,1,55,25,2,23,0.5,0.32,8,4,19,83,23
2016-11-17 00,11/17/2016,0,65,32,5,27,0.5,0.28,9,3,37,93,40
2016-11-16 23,11/16/2016,23,76,33,9,24,0.4,0.73,24,3,57,95,60
2016-11-16 22,11/16/2016,22,84,35,11,23,0.4,0.94,33,18,65,78,83
2016-11-16 21,11/16/2016,21,104,43,6,36,0.4,0.44,19,3,50,94,53
2016-11-16 20,11/16/2016,20,103,46,7,39,0.4,0.41,19,4,52,93,56
2016-11-16 19,11/16/2016,19,98,38,17,21,0.4,1.05,40,14,86,86,100
2016-11-16 18,11/16/2016,18,92,31,16,15,0.3,0.94,29,16,71,82,87
2016-11-16 17,11/16/2016,17,85,30,9,21,0.4,0.67,20,15,58,79,73
2016-11-16 16,11/16/2016,16,94,25,2,23,0.3,0.2,5,6,23,79,29
2016-11-16 15,11/16/2016,15,85,29,3,26,0.3,0.21,6,3,24,89,27
2016-11-16 14,11/16/2016,14,76,29,3,26,0.4,0.1,3,4,26,87,30
2016-11-16 13,11/16/2016,13,66,25,4,20,0.4,0.36,9,6,31,84,37
2016-11-16 12,11/16/2016,12,70,26,6,20,0.4,0.38,10,5,31,86,36
2016-11-16 11,11/16/2016,11,68,25,4,20,0.4,0.32,8,5,30,86,35
2016-11-16 10,11/16/2016,10,84,34,8,26,0.4,0.5,17,5,49,91,54
2016-11-16 09,11/16/2016,9,71,30,16,14,0.4,1.07,32,24,67,74,91
2016-11-16 08,11/16/2016,8,55,20,9,11,0.4,1,20,33,53,62,86
2016-11-16 07,11/16/2016,7,38,12,4,8,0.3,0.75,9,16,19,54,35
2016-11-16 06,11/16/2016,6,30,9,0,9,0.3,0,,2,4,67,6
2016-11-16 05,11/16/2016,5,25,9,0,9,0.4,0,,0,2,100,2
2016-11-16 04,11/16/2016,4,27,11,0,11,0.4,0.09,1,2,3,60,5
2016-11-16 03,11/16/2016,3,26,13,1,12,0.5,0.15,2,1,6,86,7
2016-11-16 02,11/16/2016,2,34,13,1,12,0.4,0.15,2,1,4,80,5
2016-11-16 01,11/16/2016,1,46,19,2,17,0.4,0.37,7,2,19,90,21
2016-11-16 00,11/16/2016,0,54,24,5,19,0.4,0.5,12,6,39,87,45
2016-11-15 23,11/15/2016,23,63,24,5,19,0.4,0.63,15,0,43,100,43
2016-11-15 22,11/15/2016,22,68,28,8,20,0.4,0.71,20,11,51,82,62
2016-11-15 21,11/15/2016,21,69,31,5,26,0.4,0.58,18,6,44,88,50
2016-11-15 20,11/15/2016,20,84,33,11,22,0.4,0.55,18,13,49,79,62
2016-11-15 19,11/15/2016,19,85,31,14,17,0.4,1,31,17,75,82,92
2016-11-15 18,11/15/2016,18,78,29,13,16,0.4,0.93,27,13,60,82,73
2016-11-15 17,11/15/2016,17,83,23,8,15,0.3,0.65,15,15,50,77,65
2016-11-15 16,11/15/2016,16,80,25,3,23,0.3,0.32,8,6,37,86,43
2016-11-15 15,11/15/2016,15,76,20,1,19,0.3,0.2,4,5,16,76,21
2016-11-15 14,11/15/2016,14,66,19,3,16,0.3,0.21,4,5,21,81,26
2016-11-15 13,11/15/2016,13,61,22,3,20,0.4,0.27,6,3,22,88,25
2016-11-15 12,11/15/2016,12,63,19,3,15,0.3,0.42,8,7,34,83,41
2016-11-15 11,11/15/2016,11,67,22,3,19,0.3,0.32,7,2,24,92,26
2016-11-15 10,11/15/2016,10,66,27,8,19,0.4,0.44,12,13,34,72,47
2016-11-15 09,11/15/2016,9,59,24,15,9,0.4,1.21,29,41,52,56,93
2016-11-15 08,11/15/2016,8,44,14,8,7,0.3,1.07,15,58,35,38,93
2016-11-15 07,11/15/2016,7,32,10,3,7,0.3,0.6,6,27,14,34,41
2016-11-15 06,11/15/2016,6,25,11,1,11,0.4,0.36,4,2,4,67,6
2016-11-15 05,11/15/2016,5,23,10,0,10,0.4,0,,2,1,33,3
2016-11-15 04,11/15/2016,4,22,10,0,10,0.5,0,,1,1,50,2
2016-11-15 03,11/15/2016,3,25,12,0,12,0.5,0,,1,2,67,3
2016-11-15 02,11/15/2016,2,26,14,1,14,0.5,0.14,2,0,5,100,5
2016-11-15 01,11/15/2016,1,39,15,0,15,0.4,0.07,1,1,4,80,5
2016-11-15 00,11/15/2016,0,46,21,4,17,0.5,0.43,9,4,23,85,27
2016-11-14 23,11/14/2016,23,52,21,6,16,0.4,0.71,15,10,26,72,36
2016-11-14 22,11/14/2016,22,65,27,5,22,0.4,0.48,13,7,31,82,38
2016-11-14 21,11/14/2016,21,76,35,7,28,0.5,0.57,20,4,38,90,42
2016-11-14 20,11/14/2016,20,85,31,7,24,0.4,0.65,20,6,37,86,43
2016-11-14 19,11/14/2016,19,94,33,9,24,0.4,0.48,16,10,54,84,64
2016-11-14 18,11/14/2016,18,74,28,14,14,0.4,0.86,24,11,59,84,70
2016-11-14 17,11/14/2016,17,71,31,7,25,0.4,0.52,16,0,37,100,37
2016-11-14 16,11/14/2016,16,65,21,3,18,0.3,0.43,9,5,28,85,33
2016-11-14 15,11/14/2016,15,68,27,2,24,0.4,0.11,3,2,23,92,25
2016-11-14 14,11/14/2016,14,68,25,2,23,0.4,0.2,5,7,21,75,28
2016-11-14 13,11/14/2016,13,68,25,2,23,0.4,0.16,4,4,25,86,29
2016-11-14 12,11/14/2016,12,72,25,2,23,0.3,0.16,4,3,19,86,22
2016-11-14 11,11/14/2016,11,69,27,4,23,0.4,0.3,8,5,22,81,27
2016-11-14 10,11/14/2016,10,65,24,7,17,0.4,0.54,13,12,43,78,55
2016-11-14 09,11/14/2016,9,55,20,12,7,0.4,0.95,19,43,42,49,85
2016-11-14 08,11/14/2016,8,47,16,9,7,0.3,1.19,19,38,39,51,77
2016-11-14 07,11/14/2016,7,37,9,4,6,0.2,1.11,10,22,25,53,47
2016-11-14 06,11/14/2016,6,23,7,1,6,0.3,0.14,1,1,5,83,6
2016-11-14 05,11/14/2016,5,16,6,1,5,0.4,0.5,3,4,4,50,8
2016-11-14 04,11/14/2016,4,15,6,0,6,0.4,0,,4,4,50,8
2016-11-14 03,11/14/2016,3,18,7,0,7,0.4,0,,1,2,67,3
2016-11-14 02,11/14/2016,2,21,7,0,7,0.3,0.14,1,3,6,67,9
2016-11-14 01,11/14/2016,1,29,9,1,8,0.3,0.22,2,8,8,50,16
2016-11-14 00,11/14/2016,0,38,14,3,11,0.4,0.43,6,9,15,63,24
